e2e_ms,vol_ms
47338.818000,12667.524000
