e2e_ms,vol_ms
25823.011000,16277.892000
