e2e_ms,vol_ms
124810.636000,11960.752000
