e2e_ms,vol_ms
64227.479000,8742.520000
