e2e_ms,vol_ms
20500.000000,17500.000000
